{"assets/fonts/montserrat-black.ttf":["assets/fonts/montserrat-black.ttf"],"assets/fonts/montserrat-medium.ttf":["assets/fonts/montserrat-medium.ttf"],"assets/fonts/montserrat-regular.ttf":["assets/fonts/montserrat-regular.ttf"],"assets/fonts/notosans-black.ttf":["assets/fonts/notosans-black.ttf"],"assets/fonts/notosans-medium.ttf":["assets/fonts/notosans-medium.ttf"],"assets/fonts/notosans-regular.ttf":["assets/fonts/notosans-regular.ttf"],"assets/fonts/poppins-black.ttf":["assets/fonts/poppins-black.ttf"],"assets/fonts/poppins-medium.ttf":["assets/fonts/poppins-medium.ttf"],"assets/fonts/poppins-regular.ttf":["assets/fonts/poppins-regular.ttf"],"assets/fonts/roboto-black.ttf":["assets/fonts/roboto-black.ttf"],"assets/fonts/roboto-medium.ttf":["assets/fonts/roboto-medium.ttf"],"assets/fonts/roboto-regular.ttf":["assets/fonts/roboto-regular.ttf"],"assets/images/app_content.png":["assets/images/app_content.png"],"assets/images/app_icon.png":["assets/images/app_icon.png"],"assets/images/app_logo.png":["assets/images/app_logo.png"],"assets/images/avatar_img.png":["assets/images/avatar_img.png"],"assets/images/bus_marker.png":["assets/images/bus_marker.png"],"assets/images/bus_marker1.png":["assets/images/bus_marker1.png"],"assets/images/dashboard_img.png":["assets/images/dashboard_img.png"],"assets/images/destination_map_marker.png":["assets/images/destination_map_marker.png"],"assets/images/driver-marker-icon.png":["assets/images/driver-marker-icon.png"],"assets/images/driving_pin.png":["assets/images/driving_pin.png"],"assets/images/en.png":["assets/images/en.png"],"assets/images/friend1.jpg":["assets/images/friend1.jpg"],"assets/images/friend2.jpg":["assets/images/friend2.jpg"],"assets/images/img.png":["assets/images/img.png"],"assets/images/img_1.png":["assets/images/img_1.png"],"assets/images/img_4.png":["assets/images/img_4.png"],"assets/images/img_green_pass.png":["assets/images/img_green_pass.png"],"assets/images/img_warning.png":["assets/images/img_warning.png"],"assets/images/location_img.png":["assets/images/location_img.png"],"assets/images/log_out.png":["assets/images/log_out.png"],"assets/images/logo.gif":["assets/images/logo.gif"],"assets/images/logo1.gif":["assets/images/logo1.gif"],"assets/images/marker.png":["assets/images/marker.png"],"assets/images/more_img.png":["assets/images/more_img.png"],"assets/images/no_file_img.png":["assets/images/no_file_img.png"],"assets/images/no_img.png":["assets/images/no_img.png"],"assets/images/no_onboard_img.png":["assets/images/no_onboard_img.png"],"assets/images/no_route.png":["assets/images/no_route.png"],"assets/images/no_schedule.png":["assets/images/no_schedule.png"],"assets/images/no_sqaure_img.png":["assets/images/no_sqaure_img.png"],"assets/images/notify_img.png":["assets/images/notify_img.png"],"assets/images/onboard_img.png":["assets/images/onboard_img.png"],"assets/images/pencil_img.png":["assets/images/pencil_img.png"],"assets/images/person_img.png":["assets/images/person_img.png"],"assets/images/profile_img.png":["assets/images/profile_img.png"],"assets/images/profile_pic.png":["assets/images/profile_pic.png"],"assets/images/rect_img.png":["assets/images/rect_img.png"],"assets/images/rectangular_img.png":["assets/images/rectangular_img.png"],"assets/images/red_dot_img.png":["assets/images/red_dot_img.png"],"assets/images/restaurant-marker-icon.png":["assets/images/restaurant-marker-icon.png"],"assets/images/route_img.png":["assets/images/route_img.png"],"assets/images/routes_img.png":["assets/images/routes_img.png"],"assets/images/scanner_img.png":["assets/images/scanner_img.png"],"assets/images/settings_img.png":["assets/images/settings_img.png"],"assets/images/sidemenu3.png":["assets/images/sidemenu3.png"],"assets/images/small_forward_img.png":["assets/images/small_forward_img.png"],"assets/images/student1_img.png":["assets/images/student1_img.png"],"assets/images/student2_img.png":["assets/images/student2_img.png"],"assets/images/student_img.png":["assets/images/student_img.png"],"assets/images/time_img.png":["assets/images/time_img.png"],"assets/images/tr.png":["assets/images/tr.png"],"assets/images/track_vehicle_img.png":["assets/images/track_vehicle_img.png"],"assets/images/user_img.png":["assets/images/user_img.png"],"assets/images/vehicle1_img.png":["assets/images/vehicle1_img.png"],"assets/images/vehicle_img.png":["assets/images/vehicle_img.png"],"assets/lang/ar.json":["assets/lang/ar.json"],"assets/lang/en.json":["assets/lang/en.json"],"packages/cupertino_icons/assets/CupertinoIcons.ttf":["packages/cupertino_icons/assets/CupertinoIcons.ttf"],"packages/flutter_google_places/assets/google_black.png":["packages/flutter_google_places/assets/google_black.png"],"packages/flutter_google_places/assets/google_white.png":["packages/flutter_google_places/assets/google_white.png"],"packages/fluttertoast/assets/toastify.css":["packages/fluttertoast/assets/toastify.css"],"packages/fluttertoast/assets/toastify.js":["packages/fluttertoast/assets/toastify.js"]}