[{"family":"MaterialIcons","fonts":[{"asset":"fonts/MaterialIcons-Regular.otf"}]},{"family":"Poppins","fonts":[{"asset":"assets/fonts/poppins-black.ttf"},{"asset":"assets/fonts/poppins-regular.ttf"},{"weight":600,"style":"normal","asset":"assets/fonts/poppins-medium.ttf"}]},{"family":"Roboto","fonts":[{"asset":"assets/fonts/roboto-black.ttf"},{"asset":"assets/fonts/roboto-regular.ttf"},{"weight":400,"style":"normal","asset":"assets/fonts/roboto-medium.ttf"}]},{"family":"Montserrat","fonts":[{"asset":"assets/fonts/montserrat-black.ttf"},{"asset":"assets/fonts/montserrat-regular.ttf"},{"weight":600,"style":"normal","asset":"assets/fonts/montserrat-medium.ttf"}]},{"family":"NotoSans","fonts":[{"asset":"assets/fonts/notosans-black.ttf"},{"asset":"assets/fonts/notosans-regular.ttf"},{"weight":400,"style":"normal","asset":"assets/fonts/notosans-medium.ttf"}]},{"family":"packages/cupertino_icons/CupertinoIcons","fonts":[{"asset":"packages/cupertino_icons/assets/CupertinoIcons.ttf"}]}]